<?xml version="1.0" encoding="UTF-8"?>
<metadata xml:lang="en"><Esri><CreaDate>20190304</CreaDate><CreaTime>21110900</CreaTime><ArcGISFormat>1.0</ArcGISFormat><SyncOnce>FALSE</SyncOnce><DataProperties><itemProps><itemName Sync="TRUE">ALL_NFIRS_TX_Records</itemName><imsContentType Sync="TRUE">002</imsContentType><itemLocation><linkage Sync="TRUE">file://\\ALISONPC\C$\EsriPress\GIST2\MyExercises\MyData.gdb</linkage><protocol Sync="TRUE">Local Area Network</protocol></itemLocation></itemProps><coordRef><type Sync="TRUE">Geographic</type><geogcsn Sync="TRUE">GCS_WGS_1984</geogcsn><csUnits Sync="TRUE">Angular Unit: Degree (0.017453)</csUnits><peXml Sync="TRUE">&lt;GeographicCoordinateSystem xsi:type='typens:GeographicCoordinateSystem' xmlns:xsi='http://www.w3.org/2001/XMLSchema-instance' xmlns:xs='http://www.w3.org/2001/XMLSchema' xmlns:typens='http://www.esri.com/schemas/ArcGIS/10.6'&gt;&lt;WKT&gt;GEOGCS[&amp;quot;GCS_WGS_1984&amp;quot;,DATUM[&amp;quot;D_WGS_1984&amp;quot;,SPHEROID[&amp;quot;WGS_1984&amp;quot;,6378137.0,298.257223563]],PRIMEM[&amp;quot;Greenwich&amp;quot;,0.0],UNIT[&amp;quot;Degree&amp;quot;,0.0174532925199433],AUTHORITY[&amp;quot;EPSG&amp;quot;,4326]]&lt;/WKT&gt;&lt;XOrigin&gt;-400&lt;/XOrigin&gt;&lt;YOrigin&gt;-400&lt;/YOrigin&gt;&lt;XYScale&gt;999999999.99999988&lt;/XYScale&gt;&lt;ZOrigin&gt;-100000&lt;/ZOrigin&gt;&lt;ZScale&gt;10000&lt;/ZScale&gt;&lt;MOrigin&gt;-100000&lt;/MOrigin&gt;&lt;MScale&gt;10000&lt;/MScale&gt;&lt;XYTolerance&gt;8.983152841195215e-09&lt;/XYTolerance&gt;&lt;ZTolerance&gt;0.001&lt;/ZTolerance&gt;&lt;MTolerance&gt;0.001&lt;/MTolerance&gt;&lt;HighPrecision&gt;true&lt;/HighPrecision&gt;&lt;LeftLongitude&gt;-180&lt;/LeftLongitude&gt;&lt;WKID&gt;4326&lt;/WKID&gt;&lt;LatestWKID&gt;4326&lt;/LatestWKID&gt;&lt;/GeographicCoordinateSystem&gt;</peXml></coordRef><lineage><Process ToolSource="c:\program files (x86)\arcgis\desktop10.6\ArcToolbox\Toolboxes\Data Management Tools.tbx\Merge" Date="20180611" Time="191045">Merge 'IrvingAESMultiResR1\No Sprinkler';IrvingAESMultiResR1\Sprinkler;IrvingAESMultiResR1\Undetermined C:\EsriPress\GIST2\MyExercises\MyData.gdb\ALL_NFIRS_TX_Records "DisplayX "DisplayX" true true false 0 Double 0 0 ,First,#,IrvingAESMultiResR1\No Sprinkler,DisplayX,-1,-1,IrvingAESMultiResR1\Sprinkler,DisplayX,-1,-1,IrvingAESMultiResR1\Undetermined,DisplayX,-1,-1;DisplayY "DisplayY" true true false 0 Double 0 0 ,First,#,IrvingAESMultiResR1\No Sprinkler,DisplayY,-1,-1,IrvingAESMultiResR1\Sprinkler,DisplayY,-1,-1,IrvingAESMultiResR1\Undetermined,DisplayY,-1,-1;IncidentID "Incident ID" true true false 0 Long 0 0 ,First,#,IrvingAESMultiResR1\No Sprinkler,IncidentID,-1,-1,IrvingAESMultiResR1\Sprinkler,IncidentID,-1,-1,IrvingAESMultiResR1\Undetermined,IncidentID,-1,-1;FIPS "FIPS" true true false 0 Long 0 0 ,First,#,IrvingAESMultiResR1\No Sprinkler,FIPS,-1,-1,IrvingAESMultiResR1\Sprinkler,FIPS,-1,-1,IrvingAESMultiResR1\Undetermined,FIPS,-1,-1;County "County" true true false 254 Text 0 0 ,First,#,IrvingAESMultiResR1\No Sprinkler,County,-1,-1,IrvingAESMultiResR1\Sprinkler,County,-1,-1,IrvingAESMultiResR1\Undetermined,County,-1,-1;FDID "FDID" true true false 254 Text 0 0 ,First,#,IrvingAESMultiResR1\No Sprinkler,FDID,-1,-1,IrvingAESMultiResR1\Sprinkler,FDID,-1,-1,IrvingAESMultiResR1\Undetermined,FDID,-1,-1;FireDepart "Fire Department" true true false 254 Text 0 0 ,First,#,IrvingAESMultiResR1\No Sprinkler,FireDepart,-1,-1,IrvingAESMultiResR1\Sprinkler,FireDepart,-1,-1,IrvingAESMultiResR1\Undetermined,FireDepart,-1,-1;InDate "InDate" true true false 8 Date 0 0 ,First,#,IrvingAESMultiResR1\No Sprinkler,InDate,-1,-1,IrvingAESMultiResR1\Undetermined,InDate,-1,-1;IN_NUM "Incident #" true true false 254 Text 0 0 ,First,#,IrvingAESMultiResR1\No Sprinkler,IN_NUM,-1,-1,IrvingAESMultiResR1\Sprinkler,IN_NUM,-1,-1,IrvingAESMultiResR1\Undetermined,IN_NUM,-1,-1;Exposure "Exposure" true true false 0 Long 0 0 ,First,#,IrvingAESMultiResR1\No Sprinkler,Exposure,-1,-1,IrvingAESMultiResR1\Sprinkler,Exposure,-1,-1,IrvingAESMultiResR1\Undetermined,Exposure,-1,-1;InDescript "Description" true true false 254 Text 0 0 ,First,#,IrvingAESMultiResR1\No Sprinkler,InDescript,-1,-1,IrvingAESMultiResR1\Sprinkler,InDescript,-1,-1,IrvingAESMultiResR1\Undetermined,InDescript,-1,-1;InCategory "Category" true true false 254 Text 0 0 ,First,#,IrvingAESMultiResR1\No Sprinkler,InCategory,-1,-1,IrvingAESMultiResR1\Sprinkler,InCategory,-1,-1,IrvingAESMultiResR1\Undetermined,InCategory,-1,-1;FireCause "Fire Cause" true true false 254 Text 0 0 ,First,#,IrvingAESMultiResR1\No Sprinkler,FireCause,-1,-1,IrvingAESMultiResR1\Sprinkler,FireCause,-1,-1,IrvingAESMultiResR1\Undetermined,FireCause,-1,-1;MutualAid "Mutual Aid" true true false 254 Text 0 0 ,First,#,IrvingAESMultiResR1\No Sprinkler,MutualAid,-1,-1,IrvingAESMultiResR1\Sprinkler,MutualAid,-1,-1,IrvingAESMultiResR1\Undetermined,MutualAid,-1,-1;ResponseTi "Response Time" true true false 0 Long 0 0 ,First,#,IrvingAESMultiResR1\No Sprinkler,ResponseTi,-1,-1,IrvingAESMultiResR1\Sprinkler,ResponseTi,-1,-1,IrvingAESMultiResR1\Undetermined,ResponseTi,-1,-1;PropertyLo "Property Loss" true true false 0 Double 0 0 ,First,#,IrvingAESMultiResR1\No Sprinkler,PropertyLo,-1,-1,IrvingAESMultiResR1\Sprinkler,PropertyLo,-1,-1,IrvingAESMultiResR1\Undetermined,PropertyLo,-1,-1;OtherLoss "Other Loss" true true false 0 Double 0 0 ,First,#,IrvingAESMultiResR1\No Sprinkler,OtherLoss,-1,-1,IrvingAESMultiResR1\Sprinkler,OtherLoss,-1,-1,IrvingAESMultiResR1\Undetermined,OtherLoss,-1,-1;LossTotal "Loss Total $" true true false 0 Double 0 0 ,First,#,IrvingAESMultiResR1\No Sprinkler,LossTotal,-1,-1,IrvingAESMultiResR1\Sprinkler,LossTotal,-1,-1,IrvingAESMultiResR1\Undetermined,LossTotal,-1,-1;FSFataliti "FS Fatalities" true true false 0 Long 0 0 ,First,#,IrvingAESMultiResR1\No Sprinkler,FSFataliti,-1,-1,IrvingAESMultiResR1\Sprinkler,FSFataliti,-1,-1,IrvingAESMultiResR1\Undetermined,FSFataliti,-1,-1;OtherFatal "Other Fatalities" true true false 0 Long 0 0 ,First,#,IrvingAESMultiResR1\No Sprinkler,OtherFatal,-1,-1,IrvingAESMultiResR1\Sprinkler,OtherFatal,-1,-1,IrvingAESMultiResR1\Undetermined,OtherFatal,-1,-1;FSInjuries "FS Injuries" true true false 0 Long 0 0 ,First,#,IrvingAESMultiResR1\No Sprinkler,FSInjuries,-1,-1,IrvingAESMultiResR1\Sprinkler,FSInjuries,-1,-1,IrvingAESMultiResR1\Undetermined,FSInjuries,-1,-1;OtherInjus "Other Injuries" true true false 0 Long 0 0 ,First,#,IrvingAESMultiResR1\No Sprinkler,OtherInjus,-1,-1,IrvingAESMultiResR1\Sprinkler,OtherInjus,-1,-1,IrvingAESMultiResR1\Undetermined,OtherInjus,-1,-1;PropertyUs "Property Use" true true false 254 Text 0 0 ,First,#,IrvingAESMultiResR1\No Sprinkler,PropertyUs,-1,-1,IrvingAESMultiResR1\Sprinkler,PropertyUs,-1,-1,IrvingAESMultiResR1\Undetermined,PropertyUs,-1,-1;InAddress "Address" true true false 254 Text 0 0 ,First,#,IrvingAESMultiResR1\No Sprinkler,InAddress,-1,-1,IrvingAESMultiResR1\Sprinkler,InAddress,-1,-1,IrvingAESMultiResR1\Undetermined,InAddress,-1,-1;APT "APT" true true false 254 Text 0 0 ,First,#,IrvingAESMultiResR1\No Sprinkler,APT,-1,-1,IrvingAESMultiResR1\Sprinkler,APT,-1,-1,IrvingAESMultiResR1\Undetermined,APT,-1,-1;InCity "City" true true false 254 Text 0 0 ,First,#,IrvingAESMultiResR1\No Sprinkler,InCity,-1,-1,IrvingAESMultiResR1\Sprinkler,InCity,-1,-1,IrvingAESMultiResR1\Undetermined,InCity,-1,-1;InState "State" true true false 254 Text 0 0 ,First,#,IrvingAESMultiResR1\No Sprinkler,InState,-1,-1,IrvingAESMultiResR1\Sprinkler,InState,-1,-1,IrvingAESMultiResR1\Undetermined,InState,-1,-1;InZIP "ZIP" true true false 254 Text 0 0 ,First,#,IrvingAESMultiResR1\No Sprinkler,InZIP,-1,-1,IrvingAESMultiResR1\Sprinkler,InZIP,-1,-1,IrvingAESMultiResR1\Undetermined,InZIP,-1,-1;STR_TYPE "STR_TYPE" true true false 0 Long 0 0 ,First,#,IrvingAESMultiResR1\No Sprinkler,STR_TYPE,-1,-1,IrvingAESMultiResR1\Sprinkler,STR_TYPE,-1,-1,IrvingAESMultiResR1\Undetermined,STR_TYPE,-1,-1;STR_STATUS "STR_STATUS" true true false 0 Long 0 0 ,First,#,IrvingAESMultiResR1\No Sprinkler,STR_STATUS,-1,-1,IrvingAESMultiResR1\Sprinkler,STR_STATUS,-1,-1,IrvingAESMultiResR1\Undetermined,STR_STATUS,-1,-1;STR_AESPRE "STR_AESPRE" true true false 254 Text 0 0 ,First,#,IrvingAESMultiResR1\No Sprinkler,STR_AESPRE,-1,-1,IrvingAESMultiResR1\Sprinkler,STR_AESPRE,-1,-1,IrvingAESMultiResR1\Undetermined,STR_AESPRE,-1,-1;AESPresenc "AES Presence" true true false 254 Text 0 0 ,First,#,IrvingAESMultiResR1\No Sprinkler,AESPresenc,-1,-1,IrvingAESMultiResR1\Sprinkler,AESPresenc,-1,-1,IrvingAESMultiResR1\Undetermined,AESPresenc,-1,-1;AESType "AES Type" true true false 254 Text 0 0 ,First,#,IrvingAESMultiResR1\No Sprinkler,AESType,-1,-1,IrvingAESMultiResR1\Sprinkler,AESType,-1,-1,IrvingAESMultiResR1\Undetermined,AESType,-1,-1;NumSprinkl "# Sprinklers" true true false 0 Long 0 0 ,First,#,IrvingAESMultiResR1\No Sprinkler,NumSprinkl,-1,-1,IrvingAESMultiResR1\Sprinkler,NumSprinkl,-1,-1,IrvingAESMultiResR1\Undetermined,NumSprinkl,-1,-1;STR_AESOPE "STR_AESOPE" true true false 254 Text 0 0 ,First,#,IrvingAESMultiResR1\No Sprinkler,STR_AESOPE,-1,-1,IrvingAESMultiResR1\Sprinkler,STR_AESOPE,-1,-1,IrvingAESMultiResR1\Undetermined,STR_AESOPE,-1,-1;AESOperate "AES Operated" true true false 254 Text 0 0 ,First,#,IrvingAESMultiResR1\No Sprinkler,AESOperate,-1,-1,IrvingAESMultiResR1\Sprinkler,AESOperate,-1,-1,IrvingAESMultiResR1\Undetermined,AESOperate,-1,-1;AESFailure "AES Failure" true true false 254 Text 0 0 ,First,#,IrvingAESMultiResR1\No Sprinkler,AESFailure,-1,-1,IrvingAESMultiResR1\Sprinkler,AESFailure,-1,-1,IrvingAESMultiResR1\Undetermined,AESFailure,-1,-1;IN_DATE "DATE" true true false 8 Date 0 0 ,First,#,IrvingAESMultiResR1\No Sprinkler,IN_DATE,-1,-1,IrvingAESMultiResR1\Sprinkler,IN_DATE,-1,-1;Month_1 "Month" true true false 254 Text 0 0 ,First,#,IrvingAESMultiResR1\No Sprinkler,Month_1,-1,-1,IrvingAESMultiResR1\Sprinkler,Month_1,-1,-1;DOW_1 "Day of Week" true true false 254 Text 0 0 ,First,#,IrvingAESMultiResR1\No Sprinkler,DOW_1,-1,-1,IrvingAESMultiResR1\Sprinkler,DOW_1,-1,-1;AlarmDate "Alarm Date" true true false 8 Date 0 0 ,First,#,IrvingAESMultiResR1\No Sprinkler,AlarmDate,-1,-1,IrvingAESMultiResR1\Sprinkler,AlarmDate,-1,-1;AlarmTime "Alarm Time" true true false 254 Text 0 0 ,First,#,IrvingAESMultiResR1\No Sprinkler,AlarmTime,-1,-1,IrvingAESMultiResR1\Sprinkler,AlarmTime,-1,-1;ArrivalDat "Arrival Date" true true false 8 Date 0 0 ,First,#,IrvingAESMultiResR1\No Sprinkler,ArrivalDat,-1,-1,IrvingAESMultiResR1\Sprinkler,ArrivalDat,-1,-1;ArrivalT_1 "Arrival Time" true true false 254 Text 0 0 ,First,#,IrvingAESMultiResR1\No Sprinkler,ArrivalT_1,-1,-1,IrvingAESMultiResR1\Sprinkler,ArrivalT_1,-1,-1;ControDate "Controlled Date" true true false 8 Date 0 0 ,First,#,IrvingAESMultiResR1\No Sprinkler,ControDate,-1,-1,IrvingAESMultiResR1\Sprinkler,ControDate,-1,-1;ControTime "Controlled Time" true true false 254 Text 0 0 ,First,#,IrvingAESMultiResR1\No Sprinkler,ControTime,-1,-1,IrvingAESMultiResR1\Sprinkler,ControTime,-1,-1;LastUnit_1 "Last Unit Cleared Date" true true false 8 Date 0 0 ,First,#,IrvingAESMultiResR1\No Sprinkler,LastUnit_1,-1,-1,IrvingAESMultiResR1\Sprinkler,LastUnit_1,-1,-1;LastUnit_2 "Last Unit Cleared Time" true true false 254 Text 0 0 ,First,#,IrvingAESMultiResR1\No Sprinkler,LastUnit_2,-1,-1,IrvingAESMultiResR1\Sprinkler,LastUnit_2,-1,-1;Duration_2 "Duration" true true false 254 Text 0 0 ,First,#,IrvingAESMultiResR1\No Sprinkler,Duration_2,-1,-1,IrvingAESMultiResR1\Sprinkler,Duration_2,-1,-1;Alarm_Date "Alarm Date" true true false 8 Date 0 0 ,First,#,IrvingAESMultiResR1\Undetermined,Alarm_Date,-1,-1;Alarm_Time "Alarm Time" true true false 254 Text 0 0 ,First,#,IrvingAESMultiResR1\Undetermined,Alarm_Time,-1,-1;IN_Month "Month" true true false 254 Text 0 0 ,First,#,IrvingAESMultiResR1\Undetermined,IN_Month,-1,-1;DayOfWeek "Day of Week" true true false 254 Text 0 0 ,First,#,IrvingAESMultiResR1\Undetermined,DayOfWeek,-1,-1;ArrivDate "Arrival Date" true true false 8 Date 0 0 ,First,#,IrvingAESMultiResR1\Undetermined,ArrivDate,-1,-1;ArrivTime "Arrival Time" true true false 254 Text 0 0 ,First,#,IrvingAESMultiResR1\Undetermined,ArrivTime,-1,-1;ControlDat "Controlled Date" true true false 8 Date 0 0 ,First,#,IrvingAESMultiResR1\Undetermined,ControlDat,-1,-1;ControlTim "Controlled Time" true true false 254 Text 0 0 ,First,#,IrvingAESMultiResR1\Undetermined,ControlTim,-1,-1;LastUnitDa "Last Unit Cleared Date" true true false 8 Date 0 0 ,First,#,IrvingAESMultiResR1\Undetermined,LastUnitDa,-1,-1;LastUnitTi "Last Unit Cleared Time" true true false 254 Text 0 0 ,First,#,IrvingAESMultiResR1\Undetermined,LastUnitTi,-1,-1;Duration_1 "Duration" true true false 254 Text 0 0 ,First,#,IrvingAESMultiResR1\Undetermined,Duration_1,-1,-1"</Process></lineage></DataProperties><SyncDate>20180611</SyncDate><SyncTime>19103200</SyncTime><ModDate>20180611</ModDate><ModTime>19103200</ModTime><ArcGISstyle>FGDC CSDGM Metadata</ArcGISstyle></Esri><dataIdInfo><envirDesc Sync="TRUE"> Version 6.2 (Build 9200) ; Esri ArcGIS 10.6.0.8321</envirDesc><dataLang><languageCode value="eng" Sync="TRUE"></languageCode><countryCode value="USA" Sync="TRUE"></countryCode></dataLang><idCitation><resTitle Sync="TRUE">ALL_NFIRS_TX_Records</resTitle><presForm><PresFormCd value="005" Sync="TRUE"></PresFormCd></presForm></idCitation><spatRpType><SpatRepTypCd value="001" Sync="TRUE"></SpatRepTypCd></spatRpType></dataIdInfo><mdLang><languageCode value="eng" Sync="TRUE"></languageCode><countryCode value="USA" Sync="TRUE"></countryCode></mdLang><distInfo><distFormat><formatName Sync="TRUE">File Geodatabase Feature Class</formatName></distFormat></distInfo><mdHrLv><ScopeCd value="005" Sync="TRUE"></ScopeCd></mdHrLv><mdHrLvName Sync="TRUE">dataset</mdHrLvName><refSysInfo><RefSystem><refSysID><identCode code="4326" Sync="TRUE"></identCode><idCodeSpace Sync="TRUE">EPSG</idCodeSpace><idVersion Sync="TRUE">6.14(3.0.1)</idVersion></refSysID></RefSystem></refSysInfo><spatRepInfo><VectSpatRep><geometObjs Name="ALL_NFIRS_TX_Records"><geoObjTyp><GeoObjTypCd value="004" Sync="TRUE"></GeoObjTypCd></geoObjTyp><geoObjCnt Sync="TRUE">0</geoObjCnt></geometObjs><topLvl><TopoLevCd value="001" Sync="TRUE"></TopoLevCd></topLvl></VectSpatRep></spatRepInfo><spdoinfo><ptvctinf><esriterm Name="ALL_NFIRS_TX_Records"><efeatyp Sync="TRUE">Simple</efeatyp><efeageom code="1" Sync="TRUE"></efeageom><esritopo Sync="TRUE">FALSE</esritopo><efeacnt Sync="TRUE">0</efeacnt><spindex Sync="TRUE">TRUE</spindex><linrefer Sync="TRUE">FALSE</linrefer></esriterm></ptvctinf></spdoinfo><eainfo><detailed Name="ALL_NFIRS_TX_Records"><enttyp><enttypl Sync="TRUE">ALL_NFIRS_TX_Records</enttypl><enttypt Sync="TRUE">Feature Class</enttypt><enttypc Sync="TRUE">0</enttypc></enttyp><attr><attrlabl Sync="TRUE">OBJECTID</attrlabl><attalias Sync="TRUE">OBJECTID</attalias><attrtype Sync="TRUE">OID</attrtype><attwidth Sync="TRUE">4</attwidth><atprecis Sync="TRUE">0</atprecis><attscale Sync="TRUE">0</attscale><attrdef Sync="TRUE">Internal feature number.</attrdef><attrdefs Sync="TRUE">Esri</attrdefs><attrdomv><udom Sync="TRUE">Sequential unique whole numbers that are automatically generated.</udom></attrdomv></attr><attr><attrlabl Sync="TRUE">Shape</attrlabl><attalias Sync="TRUE">Shape</attalias><attrtype Sync="TRUE">Geometry</attrtype><attwidth Sync="TRUE">0</attwidth><atprecis Sync="TRUE">0</atprecis><attscale Sync="TRUE">0</attscale><attrdef Sync="TRUE">Feature geometry.</attrdef><attrdefs Sync="TRUE">Esri</attrdefs><attrdomv><udom Sync="TRUE">Coordinates defining the features.</udom></attrdomv></attr><attr><attrlabl Sync="TRUE">DisplayX</attrlabl><attalias Sync="TRUE">DisplayX</attalias><attrtype Sync="TRUE">Double</attrtype><attwidth Sync="TRUE">8</attwidth><atprecis Sync="TRUE">0</atprecis><attscale Sync="TRUE">0</attscale></attr><attr><attrlabl Sync="TRUE">DisplayY</attrlabl><attalias Sync="TRUE">DisplayY</attalias><attrtype Sync="TRUE">Double</attrtype><attwidth Sync="TRUE">8</attwidth><atprecis Sync="TRUE">0</atprecis><attscale Sync="TRUE">0</attscale></attr><attr><attrlabl Sync="TRUE">IncidentID</attrlabl><attalias Sync="TRUE">Incident ID</attalias><attrtype Sync="TRUE">Integer</attrtype><attwidth Sync="TRUE">4</attwidth><atprecis Sync="TRUE">0</atprecis><attscale Sync="TRUE">0</attscale></attr><attr><attrlabl Sync="TRUE">FIPS</attrlabl><attalias Sync="TRUE">FIPS</attalias><attrtype Sync="TRUE">Integer</attrtype><attwidth Sync="TRUE">4</attwidth><atprecis Sync="TRUE">0</atprecis><attscale Sync="TRUE">0</attscale></attr><attr><attrlabl Sync="TRUE">County</attrlabl><attalias Sync="TRUE">County</attalias><attrtype Sync="TRUE">String</attrtype><attwidth Sync="TRUE">254</attwidth><atprecis Sync="TRUE">0</atprecis><attscale Sync="TRUE">0</attscale></attr><attr><attrlabl Sync="TRUE">FDID</attrlabl><attalias Sync="TRUE">FDID</attalias><attrtype Sync="TRUE">String</attrtype><attwidth Sync="TRUE">254</attwidth><atprecis Sync="TRUE">0</atprecis><attscale Sync="TRUE">0</attscale></attr><attr><attrlabl Sync="TRUE">FireDepart</attrlabl><attalias Sync="TRUE">Fire Department</attalias><attrtype Sync="TRUE">String</attrtype><attwidth Sync="TRUE">254</attwidth><atprecis Sync="TRUE">0</atprecis><attscale Sync="TRUE">0</attscale></attr><attr><attrlabl Sync="TRUE">InDate</attrlabl><attalias Sync="TRUE">InDate</attalias><attrtype Sync="TRUE">Date</attrtype><attwidth Sync="TRUE">8</attwidth><atprecis Sync="TRUE">0</atprecis><attscale Sync="TRUE">0</attscale></attr><attr><attrlabl Sync="TRUE">IN_NUM</attrlabl><attalias Sync="TRUE">Incident #</attalias><attrtype Sync="TRUE">String</attrtype><attwidth Sync="TRUE">254</attwidth><atprecis Sync="TRUE">0</atprecis><attscale Sync="TRUE">0</attscale></attr><attr><attrlabl Sync="TRUE">Exposure</attrlabl><attalias Sync="TRUE">Exposure</attalias><attrtype Sync="TRUE">Integer</attrtype><attwidth Sync="TRUE">4</attwidth><atprecis Sync="TRUE">0</atprecis><attscale Sync="TRUE">0</attscale></attr><attr><attrlabl Sync="TRUE">InDescript</attrlabl><attalias Sync="TRUE">Description</attalias><attrtype Sync="TRUE">String</attrtype><attwidth Sync="TRUE">254</attwidth><atprecis Sync="TRUE">0</atprecis><attscale Sync="TRUE">0</attscale></attr><attr><attrlabl Sync="TRUE">InCategory</attrlabl><attalias Sync="TRUE">Category</attalias><attrtype Sync="TRUE">String</attrtype><attwidth Sync="TRUE">254</attwidth><atprecis Sync="TRUE">0</atprecis><attscale Sync="TRUE">0</attscale></attr><attr><attrlabl Sync="TRUE">FireCause</attrlabl><attalias Sync="TRUE">Fire Cause</attalias><attrtype Sync="TRUE">String</attrtype><attwidth Sync="TRUE">254</attwidth><atprecis Sync="TRUE">0</atprecis><attscale Sync="TRUE">0</attscale></attr><attr><attrlabl Sync="TRUE">MutualAid</attrlabl><attalias Sync="TRUE">Mutual Aid</attalias><attrtype Sync="TRUE">String</attrtype><attwidth Sync="TRUE">254</attwidth><atprecis Sync="TRUE">0</atprecis><attscale Sync="TRUE">0</attscale></attr><attr><attrlabl Sync="TRUE">ResponseTi</attrlabl><attalias Sync="TRUE">Response Time</attalias><attrtype Sync="TRUE">Integer</attrtype><attwidth Sync="TRUE">4</attwidth><atprecis Sync="TRUE">0</atprecis><attscale Sync="TRUE">0</attscale></attr><attr><attrlabl Sync="TRUE">PropertyLo</attrlabl><attalias Sync="TRUE">Property Loss</attalias><attrtype Sync="TRUE">Double</attrtype><attwidth Sync="TRUE">8</attwidth><atprecis Sync="TRUE">0</atprecis><attscale Sync="TRUE">0</attscale></attr><attr><attrlabl Sync="TRUE">OtherLoss</attrlabl><attalias Sync="TRUE">Other Loss</attalias><attrtype Sync="TRUE">Double</attrtype><attwidth Sync="TRUE">8</attwidth><atprecis Sync="TRUE">0</atprecis><attscale Sync="TRUE">0</attscale></attr><attr><attrlabl Sync="TRUE">LossTotal</attrlabl><attalias Sync="TRUE">Loss Total $</attalias><attrtype Sync="TRUE">Double</attrtype><attwidth Sync="TRUE">8</attwidth><atprecis Sync="TRUE">0</atprecis><attscale Sync="TRUE">0</attscale></attr><attr><attrlabl Sync="TRUE">FSFataliti</attrlabl><attalias Sync="TRUE">FS Fatalities</attalias><attrtype Sync="TRUE">Integer</attrtype><attwidth Sync="TRUE">4</attwidth><atprecis Sync="TRUE">0</atprecis><attscale Sync="TRUE">0</attscale></attr><attr><attrlabl Sync="TRUE">OtherFatal</attrlabl><attalias Sync="TRUE">Other Fatalities</attalias><attrtype Sync="TRUE">Integer</attrtype><attwidth Sync="TRUE">4</attwidth><atprecis Sync="TRUE">0</atprecis><attscale Sync="TRUE">0</attscale></attr><attr><attrlabl Sync="TRUE">FSInjuries</attrlabl><attalias Sync="TRUE">FS Injuries</attalias><attrtype Sync="TRUE">Integer</attrtype><attwidth Sync="TRUE">4</attwidth><atprecis Sync="TRUE">0</atprecis><attscale Sync="TRUE">0</attscale></attr><attr><attrlabl Sync="TRUE">OtherInjus</attrlabl><attalias Sync="TRUE">Other Injuries</attalias><attrtype Sync="TRUE">Integer</attrtype><attwidth Sync="TRUE">4</attwidth><atprecis Sync="TRUE">0</atprecis><attscale Sync="TRUE">0</attscale></attr><attr><attrlabl Sync="TRUE">PropertyUs</attrlabl><attalias Sync="TRUE">Property Use</attalias><attrtype Sync="TRUE">String</attrtype><attwidth Sync="TRUE">254</attwidth><atprecis Sync="TRUE">0</atprecis><attscale Sync="TRUE">0</attscale></attr><attr><attrlabl Sync="TRUE">InAddress</attrlabl><attalias Sync="TRUE">Address</attalias><attrtype Sync="TRUE">String</attrtype><attwidth Sync="TRUE">254</attwidth><atprecis Sync="TRUE">0</atprecis><attscale Sync="TRUE">0</attscale></attr><attr><attrlabl Sync="TRUE">APT</attrlabl><attalias Sync="TRUE">APT</attalias><attrtype Sync="TRUE">String</attrtype><attwidth Sync="TRUE">254</attwidth><atprecis Sync="TRUE">0</atprecis><attscale Sync="TRUE">0</attscale></attr><attr><attrlabl Sync="TRUE">InCity</attrlabl><attalias Sync="TRUE">City</attalias><attrtype Sync="TRUE">String</attrtype><attwidth Sync="TRUE">254</attwidth><atprecis Sync="TRUE">0</atprecis><attscale Sync="TRUE">0</attscale></attr><attr><attrlabl Sync="TRUE">InState</attrlabl><attalias Sync="TRUE">State</attalias><attrtype Sync="TRUE">String</attrtype><attwidth Sync="TRUE">254</attwidth><atprecis Sync="TRUE">0</atprecis><attscale Sync="TRUE">0</attscale></attr><attr><attrlabl Sync="TRUE">InZIP</attrlabl><attalias Sync="TRUE">ZIP</attalias><attrtype Sync="TRUE">String</attrtype><attwidth Sync="TRUE">254</attwidth><atprecis Sync="TRUE">0</atprecis><attscale Sync="TRUE">0</attscale></attr><attr><attrlabl Sync="TRUE">STR_TYPE</attrlabl><attalias Sync="TRUE">STR_TYPE</attalias><attrtype Sync="TRUE">Integer</attrtype><attwidth Sync="TRUE">4</attwidth><atprecis Sync="TRUE">0</atprecis><attscale Sync="TRUE">0</attscale></attr><attr><attrlabl Sync="TRUE">STR_STATUS</attrlabl><attalias Sync="TRUE">STR_STATUS</attalias><attrtype Sync="TRUE">Integer</attrtype><attwidth Sync="TRUE">4</attwidth><atprecis Sync="TRUE">0</atprecis><attscale Sync="TRUE">0</attscale></attr><attr><attrlabl Sync="TRUE">STR_AESPRE</attrlabl><attalias Sync="TRUE">STR_AESPRE</attalias><attrtype Sync="TRUE">String</attrtype><attwidth Sync="TRUE">254</attwidth><atprecis Sync="TRUE">0</atprecis><attscale Sync="TRUE">0</attscale></attr><attr><attrlabl Sync="TRUE">AESPresenc</attrlabl><attalias Sync="TRUE">AES Presence</attalias><attrtype Sync="TRUE">String</attrtype><attwidth Sync="TRUE">254</attwidth><atprecis Sync="TRUE">0</atprecis><attscale Sync="TRUE">0</attscale></attr><attr><attrlabl Sync="TRUE">AESType</attrlabl><attalias Sync="TRUE">AES Type</attalias><attrtype Sync="TRUE">String</attrtype><attwidth Sync="TRUE">254</attwidth><atprecis Sync="TRUE">0</atprecis><attscale Sync="TRUE">0</attscale></attr><attr><attrlabl Sync="TRUE">NumSprinkl</attrlabl><attalias Sync="TRUE"># Sprinklers</attalias><attrtype Sync="TRUE">Integer</attrtype><attwidth Sync="TRUE">4</attwidth><atprecis Sync="TRUE">0</atprecis><attscale Sync="TRUE">0</attscale></attr><attr><attrlabl Sync="TRUE">STR_AESOPE</attrlabl><attalias Sync="TRUE">STR_AESOPE</attalias><attrtype Sync="TRUE">String</attrtype><attwidth Sync="TRUE">254</attwidth><atprecis Sync="TRUE">0</atprecis><attscale Sync="TRUE">0</attscale></attr><attr><attrlabl Sync="TRUE">AESOperate</attrlabl><attalias Sync="TRUE">AES Operated</attalias><attrtype Sync="TRUE">String</attrtype><attwidth Sync="TRUE">254</attwidth><atprecis Sync="TRUE">0</atprecis><attscale Sync="TRUE">0</attscale></attr><attr><attrlabl Sync="TRUE">AESFailure</attrlabl><attalias Sync="TRUE">AES Failure</attalias><attrtype Sync="TRUE">String</attrtype><attwidth Sync="TRUE">254</attwidth><atprecis Sync="TRUE">0</atprecis><attscale Sync="TRUE">0</attscale></attr><attr><attrlabl Sync="TRUE">IN_DATE</attrlabl><attalias Sync="TRUE">DATE</attalias><attrtype Sync="TRUE">Date</attrtype><attwidth Sync="TRUE">8</attwidth><atprecis Sync="TRUE">0</atprecis><attscale Sync="TRUE">0</attscale></attr><attr><attrlabl Sync="TRUE">Month_1</attrlabl><attalias Sync="TRUE">Month</attalias><attrtype Sync="TRUE">String</attrtype><attwidth Sync="TRUE">254</attwidth><atprecis Sync="TRUE">0</atprecis><attscale Sync="TRUE">0</attscale></attr><attr><attrlabl Sync="TRUE">DOW_1</attrlabl><attalias Sync="TRUE">Day of Week</attalias><attrtype Sync="TRUE">String</attrtype><attwidth Sync="TRUE">254</attwidth><atprecis Sync="TRUE">0</atprecis><attscale Sync="TRUE">0</attscale></attr><attr><attrlabl Sync="TRUE">AlarmDate</attrlabl><attalias Sync="TRUE">Alarm Date</attalias><attrtype Sync="TRUE">Date</attrtype><attwidth Sync="TRUE">8</attwidth><atprecis Sync="TRUE">0</atprecis><attscale Sync="TRUE">0</attscale></attr><attr><attrlabl Sync="TRUE">AlarmTime</attrlabl><attalias Sync="TRUE">Alarm Time</attalias><attrtype Sync="TRUE">String</attrtype><attwidth Sync="TRUE">254</attwidth><atprecis Sync="TRUE">0</atprecis><attscale Sync="TRUE">0</attscale></attr><attr><attrlabl Sync="TRUE">ArrivalDat</attrlabl><attalias Sync="TRUE">Arrival Date</attalias><attrtype Sync="TRUE">Date</attrtype><attwidth Sync="TRUE">8</attwidth><atprecis Sync="TRUE">0</atprecis><attscale Sync="TRUE">0</attscale></attr><attr><attrlabl Sync="TRUE">ArrivalT_1</attrlabl><attalias Sync="TRUE">Arrival Time</attalias><attrtype Sync="TRUE">String</attrtype><attwidth Sync="TRUE">254</attwidth><atprecis Sync="TRUE">0</atprecis><attscale Sync="TRUE">0</attscale></attr><attr><attrlabl Sync="TRUE">ControDate</attrlabl><attalias Sync="TRUE">Controlled Date</attalias><attrtype Sync="TRUE">Date</attrtype><attwidth Sync="TRUE">8</attwidth><atprecis Sync="TRUE">0</atprecis><attscale Sync="TRUE">0</attscale></attr><attr><attrlabl Sync="TRUE">ControTime</attrlabl><attalias Sync="TRUE">Controlled Time</attalias><attrtype Sync="TRUE">String</attrtype><attwidth Sync="TRUE">254</attwidth><atprecis Sync="TRUE">0</atprecis><attscale Sync="TRUE">0</attscale></attr><attr><attrlabl Sync="TRUE">LastUnit_1</attrlabl><attalias Sync="TRUE">Last Unit Cleared Date</attalias><attrtype Sync="TRUE">Date</attrtype><attwidth Sync="TRUE">8</attwidth><atprecis Sync="TRUE">0</atprecis><attscale Sync="TRUE">0</attscale></attr><attr><attrlabl Sync="TRUE">LastUnit_2</attrlabl><attalias Sync="TRUE">Last Unit Cleared Time</attalias><attrtype Sync="TRUE">String</attrtype><attwidth Sync="TRUE">254</attwidth><atprecis Sync="TRUE">0</atprecis><attscale Sync="TRUE">0</attscale></attr><attr><attrlabl Sync="TRUE">Duration_2</attrlabl><attalias Sync="TRUE">Duration</attalias><attrtype Sync="TRUE">String</attrtype><attwidth Sync="TRUE">254</attwidth><atprecis Sync="TRUE">0</atprecis><attscale Sync="TRUE">0</attscale></attr><attr><attrlabl Sync="TRUE">Alarm_Date</attrlabl><attalias Sync="TRUE">Alarm Date</attalias><attrtype Sync="TRUE">Date</attrtype><attwidth Sync="TRUE">8</attwidth><atprecis Sync="TRUE">0</atprecis><attscale Sync="TRUE">0</attscale></attr><attr><attrlabl Sync="TRUE">Alarm_Time</attrlabl><attalias Sync="TRUE">Alarm Time</attalias><attrtype Sync="TRUE">String</attrtype><attwidth Sync="TRUE">254</attwidth><atprecis Sync="TRUE">0</atprecis><attscale Sync="TRUE">0</attscale></attr><attr><attrlabl Sync="TRUE">IN_Month</attrlabl><attalias Sync="TRUE">Month</attalias><attrtype Sync="TRUE">String</attrtype><attwidth Sync="TRUE">254</attwidth><atprecis Sync="TRUE">0</atprecis><attscale Sync="TRUE">0</attscale></attr><attr><attrlabl Sync="TRUE">DayOfWeek</attrlabl><attalias Sync="TRUE">Day of Week</attalias><attrtype Sync="TRUE">String</attrtype><attwidth Sync="TRUE">254</attwidth><atprecis Sync="TRUE">0</atprecis><attscale Sync="TRUE">0</attscale></attr><attr><attrlabl Sync="TRUE">ArrivDate</attrlabl><attalias Sync="TRUE">Arrival Date</attalias><attrtype Sync="TRUE">Date</attrtype><attwidth Sync="TRUE">8</attwidth><atprecis Sync="TRUE">0</atprecis><attscale Sync="TRUE">0</attscale></attr><attr><attrlabl Sync="TRUE">ArrivTime</attrlabl><attalias Sync="TRUE">Arrival Time</attalias><attrtype Sync="TRUE">String</attrtype><attwidth Sync="TRUE">254</attwidth><atprecis Sync="TRUE">0</atprecis><attscale Sync="TRUE">0</attscale></attr><attr><attrlabl Sync="TRUE">ControlDat</attrlabl><attalias Sync="TRUE">Controlled Date</attalias><attrtype Sync="TRUE">Date</attrtype><attwidth Sync="TRUE">8</attwidth><atprecis Sync="TRUE">0</atprecis><attscale Sync="TRUE">0</attscale></attr><attr><attrlabl Sync="TRUE">ControlTim</attrlabl><attalias Sync="TRUE">Controlled Time</attalias><attrtype Sync="TRUE">String</attrtype><attwidth Sync="TRUE">254</attwidth><atprecis Sync="TRUE">0</atprecis><attscale Sync="TRUE">0</attscale></attr><attr><attrlabl Sync="TRUE">LastUnitDa</attrlabl><attalias Sync="TRUE">Last Unit Cleared Date</attalias><attrtype Sync="TRUE">Date</attrtype><attwidth Sync="TRUE">8</attwidth><atprecis Sync="TRUE">0</atprecis><attscale Sync="TRUE">0</attscale></attr><attr><attrlabl Sync="TRUE">LastUnitTi</attrlabl><attalias Sync="TRUE">Last Unit Cleared Time</attalias><attrtype Sync="TRUE">String</attrtype><attwidth Sync="TRUE">254</attwidth><atprecis Sync="TRUE">0</atprecis><attscale Sync="TRUE">0</attscale></attr><attr><attrlabl Sync="TRUE">Duration_1</attrlabl><attalias Sync="TRUE">Duration</attalias><attrtype Sync="TRUE">String</attrtype><attwidth Sync="TRUE">254</attwidth><atprecis Sync="TRUE">0</atprecis><attscale Sync="TRUE">0</attscale></attr></detailed></eainfo><mdDateSt Sync="TRUE">20180611</mdDateSt></metadata>
